{
	"credit": "Made with Blockbench",
	"ambientocclusion": false,
	"textures": {
		"texture": "block/chorus_side"
	},
	"elements": [
		{
			"from": [4, 4, 0],
			"to": [12, 12, 4],
			"faces": {
				"north": {"uv": [4, 4, 12, 12], "texture": "#texture", "cullface": "north"},
				"east": {"uv": [12, 4, 16, 12], "texture": "#texture"},
				"west": {"uv": [0, 4, 4, 12], "texture": "#texture"},
				"up": {"uv": [4, 0, 12, 4], "texture": "#texture"},
				"down": {"uv": [4, 12, 12, 16], "texture": "#texture"}
			}
		}
	]
}
