{
	"credit": "Made with Blockbench",
	"parent": "block/block",
	"textures": {
		"0": "block/chorus",
		"particle": "block/chorus"
	},
	"elements": [
		{
			"from": [2, 14, 2],
			"to": [14, 16, 14],
			"faces": {
				"north": {"uv": [9, 7.5, 10, 13.5], "rotation": 90, "texture": "#0"},
				"east": {"uv": [9, 7.5, 10, 13.5], "rotation": 90, "texture": "#0"},
				"south": {"uv": [9, 7.5, 10, 13.5], "rotation": 90, "texture": "#0"},
				"west": {"uv": [9, 7.5, 10, 13.5], "rotation": 90, "texture": "#0"},
				"up": {"uv": [0, 9, 7, 16], "texture": "#0"},
				"down": {"uv": [9, 7, 16, 14], "texture": "#0"}
			}
		},
		{
			"from": [0, 2, 2],
			"to": [2, 14, 14],
			"faces": {
				"north": {"uv": [9, 7.5, 10, 13.5], "rotation": 180, "texture": "#0"},
				"east": {"uv": [9, 7, 16, 14], "texture": "#0"},
				"south": {"uv": [9, 7.5, 10, 13.5], "texture": "#0"},
				"west": {"uv": [0, 9, 7, 16], "texture": "#0"},
				"up": {"uv": [9, 7.5, 10, 13.5], "texture": "#0"},
				"down": {"uv": [9, 7.5, 10, 13.5], "texture": "#0"}
			}
		},
		{
			"from": [2, 2, 0],
			"to": [14, 14, 2],
			"faces": {
				"north": {"uv": [0, 9, 7, 16], "texture": "#0"},
				"east": {"uv": [9, 7.5, 10, 13.5], "rotation": 180, "texture": "#0"},
				"south": {"uv": [9, 7, 16, 14], "texture": "#0"},
				"west": {"uv": [9, 7.5, 10, 13.5], "texture": "#0"},
				"up": {"uv": [9, 7.5, 10, 13.5], "rotation": 90, "texture": "#0"},
				"down": {"uv": [9, 7.5, 10, 13.5], "rotation": 270, "texture": "#0"}
			}
		},
		{
			"from": [2, 2, 14],
			"to": [14, 14, 16],
			"faces": {
				"north": {"uv": [9, 7, 16, 14], "texture": "#0"},
				"east": {"uv": [9, 7.5, 10, 13.5], "texture": "#0"},
				"south": {"uv": [0, 9, 7, 16], "texture": "#0"},
				"west": {"uv": [9, 7.5, 10, 13.5], "rotation": 180, "texture": "#0"},
				"up": {"uv": [9, 7.5, 10, 13.5], "rotation": 270, "texture": "#0"},
				"down": {"uv": [9, 7.5, 10, 13.5], "rotation": 90, "texture": "#0"}
			}
		},
		{
			"from": [14, 2, 2],
			"to": [16, 14, 14],
			"faces": {
				"north": {"uv": [9, 7.5, 10, 13.5], "texture": "#0"},
				"east": {"uv": [0, 9, 7, 16], "texture": "#0"},
				"south": {"uv": [9, 7.5, 10, 13.5], "rotation": 180, "texture": "#0"},
				"west": {"uv": [9, 7, 16, 14], "texture": "#0"},
				"up": {"uv": [9, 7.5, 10, 13.5], "rotation": 180, "texture": "#0"},
				"down": {"uv": [9, 7.5, 10, 13.5], "rotation": 180, "texture": "#0"}
			}
		},
		{
			"from": [2, 0, 2],
			"to": [14, 14, 14],
			"faces": {
				"north": {"uv": [9, 7.5, 16, 13.5], "rotation": 270, "texture": "#0"},
				"east": {"uv": [9, 7.5, 16, 13.5], "rotation": 270, "texture": "#0"},
				"south": {"uv": [9, 7.5, 16, 13.5], "rotation": 270, "texture": "#0"},
				"west": {"uv": [9, 7.5, 16, 13.5], "rotation": 270, "texture": "#0"},
				"up": {"uv": [9, 7, 16, 14], "texture": "#0"},
				"down": {"uv": [0, 9, 7, 16], "texture": "#0"}
			}
		}
	]
}