{
    "parent": "item/generated",
    "display": {
        "thirdperson_righthand": {
            "rotation": [ 0, 90, -90 ],
            "translation": [ 0, 4.0, 0.5 ],
            "scale": [ 0.9, 1.05, 0.9 ]
        },
        "thirdperson_lefthand": {
            "rotation": [ 0, -90, 90 ],
            "translation": [ 0, 4.0, 1 ],
            "scale": [ 1, 1, 1 ]
        },
        "firstperson_righthand": {
            "rotation": [ 0, 90, -90 ],
            "translation": [ 1.13, 4, 1.13 ],
            "scale": [ 0.68, 0.90, 0.68 ]
        },
        "firstperson_lefthand": {
            "rotation": [ 0, -90, 90 ],
            "translation": [ 1.13, 3.2, 1.13 ],
            "scale": [ 0.68, 0.68, 0.68 ]
        }
    }
}
